INSERT INTO `modules` VALUES (23, 'Пользователи сайта', 'siteusers', 0, 0, NULL, NULL, NULL, 44, -2);

INSERT INTO `core_groups` (`id`, `owner_id`, `name`, `description`, `active`) VALUES(1, 1, 'Admin', 'full permissions groupe', 1);
INSERT INTO `core_groups` (`id`, `owner_id`, `name`, `description`, `active`) VALUES(2, 1, 'users', 'Пользователи', 1);

INSERT INTO `core_roles` (`id`, `site_id`, `lang_id`, `descr`) VALUES(1, 1, 1, 'full permissions');
INSERT INTO `core_roles` (`id`, `site_id`, `lang_id`, `descr`) VALUES(5, 1, 1, 'Пользователи сайта');

INSERT INTO `core_roles_groups` (`role_id`, `group_id`) VALUES(1, 1);
INSERT INTO `core_roles_groups` (`role_id`, `group_id`) VALUES(5, 2);

INSERT INTO `core_roles_permissions` (`role_id`, `module_id`, `r`, `e`, `p`, `d`) VALUES(1, 47, 1, 1, 1, 1);
INSERT INTO `core_roles_permissions` (`role_id`, `module_id`, `r`, `e`, `p`, `d`) VALUES(1, 46, 1, 1, 1, 1);
INSERT INTO `core_roles_permissions` (`id`, `role_id`, `module_id`, `r`, `e`, `p`, `d`) VALUES(601, 1, 45, 1, 1, 1, 1);
INSERT INTO `core_roles_permissions` (`id`, `role_id`, `module_id`, `r`, `e`, `p`, `d`) VALUES(600, 1, 44, 0, 0, 0, 0);
INSERT INTO `core_roles_permissions` (`id`, `role_id`, `module_id`, `r`, `e`, `p`, `d`) VALUES(599, 1, 43, 0, 0, 0, 0);
INSERT INTO `core_roles_permissions` (`id`, `role_id`, `module_id`, `r`, `e`, `p`, `d`) VALUES(598, 1, 42, 0, 0, 0, 0);
INSERT INTO `core_roles_permissions` (`id`, `role_id`, `module_id`, `r`, `e`, `p`, `d`) VALUES(597, 1, 41, 0, 0, 0, 0);
INSERT INTO `core_roles_permissions` (`id`, `role_id`, `module_id`, `r`, `e`, `p`, `d`) VALUES(596, 1, 35, 1, 1, 1, 1);
INSERT INTO `core_roles_permissions` (`id`, `role_id`, `module_id`, `r`, `e`, `p`, `d`) VALUES(595, 1, 32, 1, 1, 1, 1);
INSERT INTO `core_roles_permissions` (`id`, `role_id`, `module_id`, `r`, `e`, `p`, `d`) VALUES(594, 1, 31, 1, 1, 1, 1);
INSERT INTO `core_roles_permissions` (`id`, `role_id`, `module_id`, `r`, `e`, `p`, `d`) VALUES(593, 1, 30, 1, 1, 1, 1);
INSERT INTO `core_roles_permissions` (`id`, `role_id`, `module_id`, `r`, `e`, `p`, `d`) VALUES(592, 1, 29, 1, 1, 1, 1);
INSERT INTO `core_roles_permissions` (`id`, `role_id`, `module_id`, `r`, `e`, `p`, `d`) VALUES(591, 1, 27, 1, 1, 1, 1);
INSERT INTO `core_roles_permissions` (`id`, `role_id`, `module_id`, `r`, `e`, `p`, `d`) VALUES(590, 1, 26, 1, 1, 1, 1);
INSERT INTO `core_roles_permissions` (`id`, `role_id`, `module_id`, `r`, `e`, `p`, `d`) VALUES(589, 1, 23, 1, 1, 1, 1);
INSERT INTO `core_roles_permissions` (`id`, `role_id`, `module_id`, `r`, `e`, `p`, `d`) VALUES(588, 1, 22, 1, 1, 1, 1);
INSERT INTO `core_roles_permissions` (`id`, `role_id`, `module_id`, `r`, `e`, `p`, `d`) VALUES(587, 1, 21, 1, 1, 1, 1);
INSERT INTO `core_roles_permissions` (`id`, `role_id`, `module_id`, `r`, `e`, `p`, `d`) VALUES(586, 1, 20, 1, 1, 1, 1);
INSERT INTO `core_roles_permissions` (`id`, `role_id`, `module_id`, `r`, `e`, `p`, `d`) VALUES(585, 1, 19, 1, 1, 1, 1);
INSERT INTO `core_roles_permissions` (`id`, `role_id`, `module_id`, `r`, `e`, `p`, `d`) VALUES(584, 1, 18, 1, 1, 1, 1);
INSERT INTO `core_roles_permissions` (`id`, `role_id`, `module_id`, `r`, `e`, `p`, `d`) VALUES(583, 1, 17, 1, 1, 1, 1);
INSERT INTO `core_roles_permissions` (`id`, `role_id`, `module_id`, `r`, `e`, `p`, `d`) VALUES(582, 1, 16, 0, 0, 0, 0);
INSERT INTO `core_roles_permissions` (`id`, `role_id`, `module_id`, `r`, `e`, `p`, `d`) VALUES(581, 1, 15, 1, 1, 1, 1);
INSERT INTO `core_roles_permissions` (`id`, `role_id`, `module_id`, `r`, `e`, `p`, `d`) VALUES(580, 1, 14, 1, 1, 1, 1);
INSERT INTO `core_roles_permissions` (`id`, `role_id`, `module_id`, `r`, `e`, `p`, `d`) VALUES(579, 1, 13, 1, 1, 1, 1);
INSERT INTO `core_roles_permissions` (`id`, `role_id`, `module_id`, `r`, `e`, `p`, `d`) VALUES(578, 1, 12, 1, 1, 1, 1);
INSERT INTO `core_roles_permissions` (`id`, `role_id`, `module_id`, `r`, `e`, `p`, `d`) VALUES(577, 1, 10, 1, 1, 1, 1);
INSERT INTO `core_roles_permissions` (`id`, `role_id`, `module_id`, `r`, `e`, `p`, `d`) VALUES(576, 1, 9, 1, 1, 1, 1);
INSERT INTO `core_roles_permissions` (`id`, `role_id`, `module_id`, `r`, `e`, `p`, `d`) VALUES(575, 1, 8, 1, 1, 1, 1);
INSERT INTO `core_roles_permissions` (`id`, `role_id`, `module_id`, `r`, `e`, `p`, `d`) VALUES(574, 1, 7, 1, 1, 1, 1);
INSERT INTO `core_roles_permissions` (`id`, `role_id`, `module_id`, `r`, `e`, `p`, `d`) VALUES(569, 5, 45, 0, 0, 0, 0);
INSERT INTO `core_roles_permissions` (`id`, `role_id`, `module_id`, `r`, `e`, `p`, `d`) VALUES(568, 5, 44, 0, 0, 0, 0);
INSERT INTO `core_roles_permissions` (`id`, `role_id`, `module_id`, `r`, `e`, `p`, `d`) VALUES(567, 5, 43, 0, 0, 0, 0);
INSERT INTO `core_roles_permissions` (`id`, `role_id`, `module_id`, `r`, `e`, `p`, `d`) VALUES(566, 5, 42, 0, 0, 0, 0);
INSERT INTO `core_roles_permissions` (`id`, `role_id`, `module_id`, `r`, `e`, `p`, `d`) VALUES(565, 5, 41, 0, 0, 0, 0);
INSERT INTO `core_roles_permissions` (`id`, `role_id`, `module_id`, `r`, `e`, `p`, `d`) VALUES(564, 5, 35, 0, 0, 0, 0);
INSERT INTO `core_roles_permissions` (`id`, `role_id`, `module_id`, `r`, `e`, `p`, `d`) VALUES(563, 5, 32, 0, 0, 0, 0);
INSERT INTO `core_roles_permissions` (`id`, `role_id`, `module_id`, `r`, `e`, `p`, `d`) VALUES(562, 5, 31, 0, 0, 0, 0);
INSERT INTO `core_roles_permissions` (`id`, `role_id`, `module_id`, `r`, `e`, `p`, `d`) VALUES(561, 5, 30, 0, 0, 0, 0);
INSERT INTO `core_roles_permissions` (`id`, `role_id`, `module_id`, `r`, `e`, `p`, `d`) VALUES(560, 5, 29, 0, 0, 0, 0);
INSERT INTO `core_roles_permissions` (`id`, `role_id`, `module_id`, `r`, `e`, `p`, `d`) VALUES(559, 5, 27, 0, 0, 0, 0);
INSERT INTO `core_roles_permissions` (`id`, `role_id`, `module_id`, `r`, `e`, `p`, `d`) VALUES(558, 5, 26, 0, 0, 0, 0);
INSERT INTO `core_roles_permissions` (`id`, `role_id`, `module_id`, `r`, `e`, `p`, `d`) VALUES(557, 5, 23, 0, 0, 0, 0);
INSERT INTO `core_roles_permissions` (`id`, `role_id`, `module_id`, `r`, `e`, `p`, `d`) VALUES(556, 5, 22, 0, 0, 0, 0);
INSERT INTO `core_roles_permissions` (`id`, `role_id`, `module_id`, `r`, `e`, `p`, `d`) VALUES(555, 5, 21, 0, 0, 0, 0);
INSERT INTO `core_roles_permissions` (`id`, `role_id`, `module_id`, `r`, `e`, `p`, `d`) VALUES(554, 5, 20, 0, 0, 0, 0);
INSERT INTO `core_roles_permissions` (`id`, `role_id`, `module_id`, `r`, `e`, `p`, `d`) VALUES(553, 5, 19, 0, 0, 0, 0);
INSERT INTO `core_roles_permissions` (`id`, `role_id`, `module_id`, `r`, `e`, `p`, `d`) VALUES(552, 5, 18, 0, 0, 0, 0);
INSERT INTO `core_roles_permissions` (`id`, `role_id`, `module_id`, `r`, `e`, `p`, `d`) VALUES(551, 5, 17, 0, 0, 0, 0);
INSERT INTO `core_roles_permissions` (`id`, `role_id`, `module_id`, `r`, `e`, `p`, `d`) VALUES(550, 5, 16, 0, 0, 0, 0);
INSERT INTO `core_roles_permissions` (`id`, `role_id`, `module_id`, `r`, `e`, `p`, `d`) VALUES(549, 5, 15, 0, 0, 0, 0);
INSERT INTO `core_roles_permissions` (`id`, `role_id`, `module_id`, `r`, `e`, `p`, `d`) VALUES(548, 5, 14, 0, 0, 0, 0);
INSERT INTO `core_roles_permissions` (`id`, `role_id`, `module_id`, `r`, `e`, `p`, `d`) VALUES(547, 5, 13, 0, 0, 0, 0);
INSERT INTO `core_roles_permissions` (`id`, `role_id`, `module_id`, `r`, `e`, `p`, `d`) VALUES(546, 5, 12, 0, 0, 0, 0);
INSERT INTO `core_roles_permissions` (`id`, `role_id`, `module_id`, `r`, `e`, `p`, `d`) VALUES(545, 5, 10, 0, 0, 0, 0);
INSERT INTO `core_roles_permissions` (`id`, `role_id`, `module_id`, `r`, `e`, `p`, `d`) VALUES(544, 5, 9, 0, 0, 0, 0);
INSERT INTO `core_roles_permissions` (`id`, `role_id`, `module_id`, `r`, `e`, `p`, `d`) VALUES(543, 5, 8, 0, 0, 0, 0);
INSERT INTO `core_roles_permissions` (`id`, `role_id`, `module_id`, `r`, `e`, `p`, `d`) VALUES(542, 5, 7, 0, 0, 0, 0);
INSERT INTO `core_roles_permissions` (`id`, `role_id`, `module_id`, `r`, `e`, `p`, `d`) VALUES(573, 1, 6, 1, 1, 1, 1);
INSERT INTO `core_roles_permissions` (`id`, `role_id`, `module_id`, `r`, `e`, `p`, `d`) VALUES(572, 1, 5, 1, 1, 1, 1);
INSERT INTO `core_roles_permissions` (`id`, `role_id`, `module_id`, `r`, `e`, `p`, `d`) VALUES(571, 1, 3, 1, 1, 1, 1);
INSERT INTO `core_roles_permissions` (`id`, `role_id`, `module_id`, `r`, `e`, `p`, `d`) VALUES(570, 1, 2, 1, 1, 1, 1);
INSERT INTO `core_roles_permissions` (`id`, `role_id`, `module_id`, `r`, `e`, `p`, `d`) VALUES(541, 5, 6, 0, 0, 0, 0);
INSERT INTO `core_roles_permissions` (`id`, `role_id`, `module_id`, `r`, `e`, `p`, `d`) VALUES(540, 5, 5, 0, 0, 0, 0);
INSERT INTO `core_roles_permissions` (`id`, `role_id`, `module_id`, `r`, `e`, `p`, `d`) VALUES(539, 5, 3, 0, 0, 0, 0);
INSERT INTO `core_roles_permissions` (`id`, `role_id`, `module_id`, `r`, `e`, `p`, `d`) VALUES(538, 5, 2, 0, 0, 0, 0);
INSERT INTO `core_roles_permissions` (`id`, `role_id`, `module_id`, `r`, `e`, `p`, `d`) VALUES(603, 5, 46, 0, 0, 0, 0);
INSERT INTO `core_roles_permissions` (`role_id`, `module_id`, `r`, `e`, `p`, `d`) VALUES(5, 47, 0, 0, 0, 0);


INSERT INTO `core_users` (`id`, `site_id`, `lang_id`, `username`, `password`, `email`, `client_type`, `active`, `last_visit`, `is_new`, `uid`, `confirmation`, `onsite`, `reg_date`) VALUES (1, 1, 1, 'demo', 'fe01ce2a7fbac8fafaed7c982a04e229', 'demo@armex.ru', 2, 1, '2011-05-25 13:32:31', 1, '472d5afe60f460ddf3ec57d873b9f705', NULL, 1, '0000-00-00 00:00:00')
INSERT INTO `core_users_groups` (`user_id`, `group_id`) VALUES(1, 1);
INSERT INTO `core_users_groups` (`user_id`, `group_id`) VALUES(1, 2);